filmid,title,slug
1156409,,28-years-later-the-bone-temple
772232,,hamnet
1046522,,if-i-had-legs-id-kick-you
1284627,,the-testament-of-ann-lee
70007,,avatar-fire-and-ash
680739,,the-smashing-machine-2025
1187446,,the-rip-2026
1255319,,the-housemaid-2025
1231801,,splitsville
1197499,,marty-supreme
1125033,,roofman
51817,,some-like-it-hot
1118277,,anaconda-2025
729113,,wake-up-dead-man
981077,,relay-2024
760193,,red-one
593280,,havoc-2025
531894,,den-of-thieves-2-pantera
45672,,this-is-spinal-tap
51770,,casablanca
1013357,,sentimental-value-2025
964438,,jay-kelly
565952,,no-other-choice-2025
1090464,,sorry-baby-2025
1125383,,train-dreams
574595,,eddington
1129199,,caught-stealing
51886,,back-to-the-future-part-ii
51945,,back-to-the-future
1024562,,materialists
871148,,wicked-for-good
51469,,paris-texas
1172787,,a-house-of-dynamite
958100,,frankenstein-2025
1333498,,it-was-just-an-accident
716178,,the-running-man-2025
1125809,,predator-badlands
49007,,boogie-nights
276819,,it-2017
625400,,bugonia
976429,,i-know-what-you-did-last-summer-2025
781223,,cuckoo-2024
51850,,mean-streets
975393,,the-order-2024
756042,,blink-twice
951277,,one-battle-after-another
531316,,the-long-walk-2025
51867,,a-clockwork-orange
543967,,the-fantastic-4-first-steps
972109,,weapons-2025
933381,,the-naked-gun
51400,,v-for-vendetta
51323,,chinatown
51195,,dog-day-afternoon
957050,,superman-2025
51366,,almost-famous
1117926,,jurassic-world-rebirth
51397,,from-dusk-till-dawn
47212,,starsky-hutch
45116,,old-school
160497,,fury-2014
817977,,f1
49054,,burn-after-reading
50845,,con-air
117574,,fruitvale-station
1081017,,novocaine-2025
992786,,28-years-later
1122691,,friendship-2024
1025047,,the-phoenician-scheme
49311,,legends-of-the-fall
45017,,the-deer-hunter
50972,,28-weeks-later
536970,,the-marvels
470671,,ballerina-2025
1169284,,dangerous-animals
51155,,the-thing
738292,,captain-america-brave-new-world
1116755,,black-bag-2025
51529,,the-conversation
51578,,psycho
503403,,mission-impossible-the-final-reckoning
782006,,the-accountant-2025
887653,,thunderbolts
1124701,,warfare
1116600,,sinners-2025
677571,,the-black-phone
6286,,moneyball
48894,,kiss-kiss-bang-bang-2005
819320,,venom-the-last-dance
47914,,punch-drunk-love
1170947,,the-luckiest-man-in-america
854687,,the-gorge-2025
508246,,another-round
620281,,mickey-17
51717,,eyes-wide-shut
1025331,,heretic-2024
754115,,the-lord-of-the-rings-the-war-of-the-rohirrim
1013393,,the-monkey-2025
837053,,horizon-an-american-saga-chapter-1
739451,,flow-2024
1164440,,one-of-them-days
1031530,,armand
977172,,companion-2025
926589,,nickel-boys
891291,,a-different-man
959829,,memoir-of-a-snail
901671,,im-still-here-2024
586583,,a-complete-unknown
1071196,,the-wild-robot
877608,,emilia-perez
772230,,i-saw-the-tv-glow
1041245,,watchmen-chapter-i
51881,,28-days-later
359505,,nosferatu-2024
51471,,nosferatu
51485,,when-harry-met-sally
800858,,joker-folie-a-deux
823648,,beetlejuice-beetlejuice
478428,,the-brutalist
913258,,a-real-pain
959540,,anora
337036,,wicked-2024
51494,,the-wizard-of-oz-1939
486978,,gladiator-ii
433863,,the-lighthouse-2019
887650,,theater-camp-2023
838140,,the-substance
997722,,juror-2
877253,,conclave
50226,,the-princess-bride
520328,,megalopolis-2024
543717,,haunted-mansion-2023
330912,,train-to-busan
49530,,beetlejuice
1004531,,speak-no-evil-2024
431109,,doctor-sleep
927832,,strange-darling
362362,,good-time
717126,,the-ministry-of-ungentlemanly-warfare
595029,,the-creator-2023
908144,,talk-to-me-2022
99144,,alien-covenant
26681,,knight-and-day
850459,,alien-romulus
1031876,,skincare-2024
51445,,aliens
51714,,alien
462870,,deadpool-wolverine
931164,,trap-2024
570193,,house-of-gucci
641608,,twisters
102444,,before-midnight
682535,,a-quiet-place-day-one
285509,,coco-2017
390264,,mamma-mia-here-we-go-again
45120,,mamma-mia
908327,,the-bikeriders
877046,,hit-man-2023
921578,,inside-out-2-2024
51970,,before-sunset
51974,,before-sunrise
667550,,the-fall-guy-2024
836213,,ash-2025
705221,,furiosa-a-mad-max-saga
1098322,,in-a-violent-nature
724289,,watcher
578774,,kingdom-of-the-planet-of-the-apes
842301,,challengers
948882,,arcadian
488751,,monkey-man
51973,,memento
834656,,civil-war-2024
51843,,north-by-northwest
764890,,the-iron-claw-2023
438511,,soul-2020
843415,,late-night-with-the-devil
710352,,poor-things-2023
617443,,dune-part-two
868485,,the-taste-of-things
919121,,priscilla
451296,,good-boys-2019
47029,,dazed-and-confused
755564,,the-holdovers
398800,,the-zone-of-interest
453069,,maestro-2023
469971,,hustlers-2019
952812,,american-fiction
822093,,anatomy-of-a-fall
966990,,anyone-but-you
762812,,rebel-moon-part-one-a-child-of-fire
835774,,saltburn
706083,,wonka
754441,,may-december
51339,,airplane
976899,,the-angry-black-girl-and-her-monster
674137,,napoleon-2023
845706,,godzilla-minus-one
715514,,family-switch
878854,,elemental-2023
47067,,red-dragon
45631,,blazing-saddles
277023,,paddington-2
51782,,the-silence-of-the-lambs
619510,,the-hunger-games-the-ballad-of-songbirds-snakes
591053,,past-lives
266427,,american-made
717654,,the-killer-2023
47234,,the-last-of-the-mohicans-1992
795897,,no-hard-feelings-2023
398009,,killers-of-the-flower-moon
49455,,scream
819648,,barbarian-2022
868583,,lakota-nation-vs-united-states
825457,,rmn
731222,,bottoms
69151,,silver-linings-playbook
49846,,gangs-of-new-york-2002
51621,,good-will-hunting
810003,,golda-2023
20956,,black-swan
51987,,2001-a-space-odyssey
784328,,oppenheimer-2023
51521,,full-metal-jacket
277064,,barbie
503402,,mission-impossible-dead-reckoning
92160,,paddington
779548,,biosphere-2022
505000,,last-night-in-soho
575258,,renfield
265433,,indiana-jones-and-the-dial-of-destiny
668555,,asteroid-city
929438,,sympathy-for-the-devil-2023
159888,,the-giver
868491,,air-2023
225845,,the-flash
907157,,suitable-flesh
51432,,the-shining
645096,,the-fight-machine
497631,,spider-man-across-the-spider-verse
915230,,blackberry-2023
379711,,guardians-of-the-galaxy-vol-3
954476,,the-disappearance-of-shere-hite
717541,,the-outfit-2022
572120,,plane-2023
558056,,knock-at-the-cabin
793865,,guy-ritchies-the-covenant
47098,,kung-fu-panda
853378,,the-last-kingdom-seven-kings-must-die
629376,,hustle-2022
530882,,john-wick-chapter-4
424003,,dungeons-dragons-honor-among-thieves
601624,,creed-iii
296341,,ant-man-and-the-wasp
566237,,ant-man-and-the-wasp-quantumania
27713,,x-men-the-last-stand
45747,,high-school-musical
49443,,scary-movie-2000
50509,,la-confidential
51519,,independence-day
51296,,who-framed-roger-rabbit
48797,,robocop
50225,,the-bourne-identity-2002
40479,,the-proposal-2009
51732,,the-lost-world-jurassic-park
45918,,quantum-of-solace
51490,,bridget-joness-diary
49299,,friday-the-13th
51814,,the-godfather-part-iii
50349,,space-jam
27285,,tarzan
46331,,freaky-friday-2003
48106,,cloverfield
46813,,the-fast-and-the-furious-2001
51138,,the-talented-mr-ripley
51888,,oceans-twelve
50735,,pirates-of-the-caribbean-on-stranger-tides
98336,,godzilla-2014
137476,,american-sniper
330220,,wind-river-2017
50654,,the-butterfly-effect
50152,,signs
49254,,the-machinist
51865,,sin-city
206671,,war-for-the-planet-of-the-apes
117583,,divergent
44768,,step-brothers
51839,,indiana-jones-and-the-kingdom-of-the-crystal-skull
44042,,gran-torino
309107,,godzilla-king-of-the-monsters-2019
247385,,dark-phoenix
441862,,jumanji-the-next-level
507592,,the-king-of-staten-island
333445,,logan-lucky
350384,,the-big-sick
62638,,the-wolverine
157841,,sausage-party
9788,,mission-impossible-ghost-protocol
161002,,the-interview-2014
806637,,hawkeye-2021
415208,,a-simple-favor
123066,,pirates-of-the-caribbean-dead-men-tell-no-tales
129816,,mission-impossible-rogue-nation
378473,,bad-times-at-the-el-royale
407855,,the-kings-man
268366,,fantastic-beasts-the-secrets-of-dumbledore
781326,,marcel-the-shell-with-shoes-on-2021
868558,,aftersun
696310,,women-talking
427970,,triangle-of-sadness
721333,,cocaine-bear
48920,,rush-hour-3
51283,,planet-of-the-apes-2001
50957,,resident-evil-apocalypse
50589,,the-patriot-2000
47897,,desperado
48101,,coach-carter
47987,,deja-vu
47026,,flubber
46838,,air-force-one
135751,,a-million-ways-to-die-in-the-west
37565,,hot-tub-time-machine
50146,,evan-almighty
46012,,the-waterboy
40075,,clash-of-the-titans-2010
184526,,black-mass-2015
51134,,rocky-balboa
264335,,ouija-origin-of-evil
75322,,this-is-40
50963,,live-free-or-die-hard
50660,,crank
60733,,the-grey
44831,,caddyshack
47319,,ace-ventura-when-nature-calls
159976,,unbroken
676215,,day-shift-2022
51508,,the-passion-of-the-christ
27712,,die-another-day
559025,,spirited
47252,,the-mask-of-zorro
46682,,blades-of-glory
50101,,american-pie-2
580092,,watchmen-2019
51020,,superman-returns
50776,,phone-booth
66563,,enders-game
51004,,kingdom-of-heaven
49434,,scary-movie-3
50617,,lara-croft-tomb-raider
34396,,salt-2010
45686,,billy-madison
49531,,team-america-world-police
42994,,paul-blart-mall-cop
47900,,21
73594,,terminator-genisys
49503,,blow
47508,,garfield
47473,,bad-boys-ii
46040,,friday
34395,,the-expendables
23321,,due-date
103559,,pain-gain
48113,,van-helsing
41512,,i-love-you-man
47242,,nacho-libre
45220,,the-sandlot
45079,,101-dalmatians
38970,,the-book-of-eli
48919,,rush-hour-2
251773,,jason-bourne
47091,,man-on-fire-2004
46422,,a-walk-to-remember
47118,,daredevil
48308,,freddy-vs-jason
50769,,lord-of-war
2693,,jarhead
51433,,meet-the-fockers
45088,,get-smart
62238,,jack-reacher
47125,,south-park-bigger-longer-uncut
152464,,ted-2
46037,,remember-the-titans
47699,,hitch-2005
51960,,beverly-hills-cop
76504,,transformers-age-of-extinction
327934,,fences-2016
354530,,maleficent-mistress-of-evil
45411,,public-enemies-2009
116825,,the-equalizer
51130,,ghost-rider
180414,,focus-2015
51416,,goldeneye
324575,,the-hitmans-bodyguard
46455,,the-last-airbender
63462,,end-of-watch
217178,,terminator-dark-fate
235745,,dope-2015
51334,,austin-powers-in-goldmember
50961,,die-hard-2
50958,,resident-evil
46870,,bad-boys-1995
47516,,wanted-2008
410437,,men-in-black-international
50962,,die-hard-with-a-vengeance
50818,,the-mummy-returns
51297,,black-hawk-down
234208,,southpaw-2015
47122,,a-knights-tale
220754,,the-age-of-adaline
542567,,spiderhead
46084,,the-cat-in-the-hat-2003
51203,,spaceballs
266132,,maze-runner-the-death-cure
48298,,alvin-and-the-chipmunks
47552,,waynes-world
87953,,the-hangover-part-iii
49035,,knocked-up
51335,,austin-powers-the-spy-who-shagged-me
52510,,elysium-2013
774923,,midnight-mass-2021
26205,,transformers-dark-of-the-moon
174952,,annabelle
51955,,armageddon
50631,,fantastic-four-rise-of-the-silver-surfer
603,,the-muppets
6699,,kick-ass-2
221232,,maze-runner-the-scorch-trials
50224,,the-bourne-supremacy
47769,,transformers-revenge-of-the-fallen
51701,,inside-man
46512,,stuart-little
69064,,warm-bodies
51271,,a-few-good-men
51988,,a-history-of-violence
46572,,hot-rod
51088,,first-blood
475901,,the-old-guard-2020
69453,,fast-furious-6
266628,,the-fate-of-the-furious
51474,,boyz-n-the-hood
47126,,dodgeball-a-true-underdog-story
46590,,spy-kids
411439,,creed-ii
45021,,lemony-snickets-a-series-of-unfortunate-events
62108,,oblivion-2013
647008,,the-woman-king
46987,,happy-gilmore
46867,,hannibal
50937,,meet-the-parents
50916,,liar-liar
49396,,charlies-angels
51006,,miss-congeniality
51536,,2-fast-2-furious
16527,,dredd
809443,,harry-potter-20th-anniversary-return-to-hogwarts
828615,,obi-wan-kenobi
318913,,fast-furious-presents-hobbs-shaw
46946,,shes-the-man
14285,,horrible-bosses
46763,,forgetting-sarah-marshall
51012,,hellboy
51084,,blood-diamond
49922,,ace-ventura-pet-detective
50223,,the-bourne-ultimatum
51660,,the-day-after-tomorrow
48167,,the-village
51472,,troy
320000,,f9
34394,,the-other-guys
50357,,clerks
51205,,mission-impossible-ii
46779,,happy-feet
19921,,the-fighter-2010
37503,,the-town
49983,,hairspray-2007
50517,,rush-hour
683285,,ambulance-2022
14327,,fast-five
314883,,space-jam-a-new-legacy
23857,,men-in-black-3
51513,,men-in-black-ii
50568,,i-robot
223396,,bridge-of-spies
51678,,batman-forever
46986,,the-fast-and-the-furious-tokyo-drift
358272,,bumblebee
51761,,oceans-thirteen
13972,,limitless
51204,,mission-impossible-iii
51677,,batman-robin
37180,,paranormal-activity
51398,,face-off
51336,,austin-powers-international-man-of-mystery
80349,,zero-dark-thirty
51731,,jurassic-park-iii
15145,,friends-with-benefits
140512,,neighbors-2014
27730,,blade
51976,,war-of-the-worlds
235388,,war-dogs-2016
51933,,the-untouchables
124133,,furious-7
809395,,violent-night
50521,,american-pie
37648,,the-blind-side
26196,,grown-ups
47705,,dumb-and-dumber
19987,,the-hangover-part-ii
482701,,the-haunting-2018
47648,,taken
51360,,platoon
47068,,final-destination
46869,,fantastic-four-2005
50561,,national-treasure
48602,,the-mist
330715,,mollys-game
46459,,shrek-forever-after
46462,,pineapple-express
51802,,king-kong-2005
44741,,the-hurt-locker
44750,,white-chicks
87964,,captain-phillips
51364,,mrs-doubtfire
51749,,bruce-almighty
51984,,8-mile
47255,,click
145822,,the-man-from-uncle
50544,,x-men-origins-wolverine
50580,,training-day
27722,,x2
118110,,the-purge
20908,,true-grit-2010
50742,,transformers
51855,,braveheart
263222,,lion
434753,,the-king-2019
49280,,enchanted
46715,,how-to-lose-a-guy-in-10-days
51804,,willy-wonka-the-chocolate-factory
47637,,anchorman-the-legend-of-ron-burgundy
671814,,the-falcon-and-the-winter-soldier
268192,,hell-or-high-water
268380,,zombieland-double-tap
106267,,were-the-millers
2699,,the-fifth-element
839774,,moon-knight-2022
541998,,king-richard
83424,,maleficent
50995,,collateral
51342,,shrek-the-third
518788,,fear-street-1978
508037,,rrr
46964,,scooby-doo
10442,,bridesmaids
338883,,ralph-breaks-the-internet
51554,,the-mummy-1999
94394,,dawn-of-the-planet-of-the-apes
46229,,hocus-pocus
86991,,the-worlds-end
51206,,mission-impossible
354538,,aladdin-2019
48160,,the-40-year-old-virgin
51709,,batman-returns
4948,,rise-of-the-planet-of-the-apes
48030,,tropic-thunder
51944,,predator
239260,,creed
183255,,the-conjuring-2
51936,,pretty-woman
135120,,22-jump-street
51516,,the-matrix-revolutions
58486,,prometheus
369179,,black-adam
40860,,district-9
46794,,the-parent-trap-1998
124379,,american-hustle
46505,,the-little-mermaid
57376,,ted
51871,,minority-report
48883,,the-polar-express
641574,,lightyear-2022
52501,,argo
47577,,jumanji
51298,,the-mask-1994
47867,,napoleon-dynamite
51061,,the-pursuit-of-happyness
51365,,mr-mrs-smith-2005
574385,,the-unbearable-weight-of-massive-talent
52508,,pacific-rim
382669,,glass-2019
220080,,kong-skull-island
27723,,x-men
268365,,fantastic-beasts-the-crimes-of-grindelwald
142549,,the-maze-runner
532082,,chernobyl
51679,,the-chronicles-of-narnia-the-lion-the-witch-and-the-wardrobe
172492,,x-men-apocalypse
437050,,jurassic-world-dominion
357682,,halloween-2018
87873,,this-is-the-end
51207,,madagascar
48296,,i-am-legend
544380,,the-last-duel-2021
51648,,a-beautiful-mind
147597,,spectre-2015
46753,,the-princess-diaries
50941,,night-at-the-museum
45855,,matilda
6599,,looper
47111,,a-bugs-life
96552,,the-hobbit-the-battle-of-the-five-armies
281529,,jurassic-world-fallen-kingdom
44838,,hercules-1997
51773,,pirates-of-the-caribbean-at-worlds-end
273974,,kingsman-the-golden-circle
51788,,batman-1989
518787,,fear-street-1994
251937,,the-lego-batman-movie
47198,,zoolander
51670,,ice-age
47778,,cast-away
452289,,the-gentlemen
47553,,how-the-grinch-stole-christmas-2000
378048,,game-night
46622,,beauty-and-the-beast-1991
57292,,world-war-z
264328,,uncharted-2022
51963,,indiana-jones-and-the-temple-of-doom
16530,,all-quiet-on-the-western-front-2022
51943,,snatch
107670,,justice-league
51380,,home-alone-2-lost-in-new-york
45204,,lilo-stitch
488575,,el-camino-a-breaking-bad-movie
371005,,minions-the-rise-of-gru
671815,,loki-2021
558054,,old-2021
51875,,saw
47809,,in-bruges
101990,,the-hunger-games-mockingjay-part-2
50827,,the-incredible-hulk
44070,,watchmen
51517,,the-matrix-reloaded
90896,,pitch-perfect
51593,,casino
45065,,the-emperors-new-groove
46551,,13-going-on-30-3
283273,,mission-impossible-fallout
333825,,godzilla-vs-kong
105183,,edge-of-tomorrow
16074,,x-men-first-class
51514,,men-in-black
37354,,kick-ass
51666,,the-good-the-bad-and-the-ugly
51614,,borat-cultural-learnings-of-america-for-make-benefit-glorious-nation-of-kazakhstan
51961,,indiana-jones-and-the-last-crusade
169728,,the-babadook
695473,,coda-2021
251872,,hacksaw-ridge
551275,,the-matrix-resurrections
283778,,jumanji-welcome-to-the-jungle
51503,,grease
511342,,judas-and-the-black-messiah
51977,,american-history-x
101991,,the-hunger-games-mockingjay-part-1
395731,,wonder-woman-1984
50159,,the-blair-witch-project
51989,,pirates-of-the-caribbean-dead-mans-chest
16091,,man-of-steel
45959,,elf
62065,,now-you-see-me
51340,,aladdin
261891,,10-cloverfield-lane
686389,,prey-2022
709530,,zack-snyders-justice-league
15051,,crazy-stupid-love
45667,,the-notebook
441471,,west-side-story-2021
508638,,venom-let-there-be-carnage
4586,,brave-2012
51914,,groundhog-day
69154,,wreck-it-ralph
225060,,aquaman-2018
16525,,the-hobbit-an-unexpected-journey
47586,,legally-blonde
51838,,the-terminator
524592,,nightmare-alley-2021
99507,,x-men-days-of-future-past
279,,21-jump-street
51776,,terminator-2-judgment-day
390039,,john-wick-chapter-3-parabellum
679291,,drive-my-car
99402,,finding-dory
213190,,shazam
270106,,nocturnal-animals
48049,,carrie-1976
46001,,mulan
26770,,easy-a
27809,,casino-royale-2006
51024,,the-virgin-suicides
148998,,batman-v-superman-dawn-of-justice
51233,,cars
51994,,heat-1995
251661,,john-wick-chapter-2
671813,,wandavision
51613,,the-green-mile
197628,,sicario-2015
278668,,solo-a-star-wars-story
37598,,the-cabin-in-the-woods
420451,,eighth-grade
495969,,ready-or-not-2019
40100,,the-hangover
340202,,bird-box
291419,,ford-v-ferrari
104174,,jurassic-world
787181,,squid-game
46911,,children-of-men
668077,,the-queens-gambit
62671,,12-years-a-slave
26779,,skyfall
359859,,roma-2018
39352,,zombieland
182910,,fantastic-beasts-and-where-to-find-them
51932,,charlie-and-the-chocolate-factory
49210,,hot-fuzz
83215,,the-amazing-spider-man-2
263221,,manchester-by-the-sea
246013,,the-big-short
335384,,phantom-thread
450337,,a-quiet-place-part-ii
51952,,gladiator-2000
405545,,it-chapter-two
82488,,the-hunger-games-catching-fire
51408,,top-gun
449442,,bodies-bodies-bodies
51890,,oceans-eleven-2001
51407,,the-sixth-sense
261866,,ready-player-one
542449,,minari
106262,,the-conjuring
146954,,the-imitation-game
305964,,no-time-to-die-2021
488399,,the-green-knight
87948,,frozen-2013
62822,,thor-the-dark-world
527841,,the-power-of-the-dog
265438,,venom-2018
129662,,big-hero-6
426131,,birds-of-prey-and-the-fantabulous-emancipation-of-one-harley-quinn
51559,,spider-man-3
216301,,the-nice-guys
515467,,palm-springs-2020
228628,,toy-story-4
47469,,twilight-2008
25859,,tangled-2010
51343,,shrek-2
51405,,shaun-of-the-dead
51965,,raiders-of-the-lost-ark
51556,,die-hard
51289,,toy-story-2
50710,,star-wars-episode-ii-attack-of-the-clones
261108,,a-star-is-born-2018
285,,the-great-gatsby-2013
60298,,halloween-1978
2695,,pirates-of-the-caribbean-the-curse-of-the-black-pearl
291610,,three-billboards-outside-ebbing-missouri
51939,,scarface-1983
227784,,annihilation
148200,,kingsman-the-secret-service
51047,,pans-labyrinth
2690,,apocalypse-now
51712,,the-devil-wears-prada
192410,,zootopia
225026,,suicide-squad-2016
51385,,harry-potter-and-the-half-blood-prince
48051,,juno
46511,,iron-man-2
44581,,harry-potter-and-the-deathly-hallows-part-1
50711,,star-wars-episode-i-the-phantom-menace
46458,,toy-story-3
50677,,the-amazing-spider-man
51295,,saving-private-ryan
225027,,wonder-woman-2017
184061,,incredibles-2
46456,,thor
51816,,the-godfather-part-ii
333203,,the-irishman-2019
318195,,deadpool-2
52513,,iron-man-3
178123,,the-lobster
59281,,the-hunger-games
197012,,the-hateful-eight
47219,,ferris-buellers-day-off
454016,,eternals
51949,,leon-the-professional
51696,,kill-bill-vol-2
51449,,harry-potter-and-the-order-of-the-phoenix
50709,,star-wars-episode-iii-revenge-of-the-sith
51042,,the-departed
47776,,superbad
131984,,star-wars-the-rise-of-skywalker
44580,,harry-potter-and-the-deathly-hallows-part-2
316315,,split-2016
50809,,captain-america-the-first-avenger
51381,,home-alone
51452,,harry-potter-and-the-chamber-of-secrets
51542,,jaws
51147,,the-prestige
172076,,john-wick
565852,,the-northman
207224,,the-revenant-2015
51450,,harry-potter-and-the-goblet-of-fire
83557,,ant-man
47677,,the-lion-king
435450,,booksmart
50712,,return-of-the-jedi
48044,,there-will-be-blood
641086,,licorice-pizza
211511,,the-martian
258128,,rogue-one-a-star-wars-story
46049,,mean-girls
418135,,blackkklansman
51344,,shrek
186549,,logan-2017
51784,,batman-begins
51535,,monsters-inc
51484,,catch-me-if-you-can-2002
494969,,shang-chi-and-the-legend-of-the-ten-rings
2705,,finding-nemo
51929,,the-lord-of-the-rings-the-two-towers
81605,,avengers-age-of-ultron
641961,,bullet-train
226750,,captain-marvel
51560,,spider-man-2
369835,,the-suicide-squad
139795,,birdman-or-the-unexpected-virtue-of-ignorance
333308,,the-shape-of-water
427807,,black-widow-2021
131987,,star-wars-the-last-jedi
187986,,ex-machina-2015
358222,,bohemian-rhapsody
110740,,prisoners
543002,,thor-love-and-thunder
16550,,the-dark-knight-rises
237177,,the-witch-2015
51928,,the-lord-of-the-rings-the-return-of-the-king
51610,,reservoir-dogs
51561,,spider-man
81909,,captain-america-the-winter-soldier
51733,,jurassic-park
51290,,toy-story
50659,,zodiac
46806,,the-incredibles
51453,,harry-potter-and-the-philosophers-stone
51524,,titanic-1997
50825,,iron-man-2008
51451,,harry-potter-and-the-prisoner-of-azkaban
209322,,guardians-of-the-galaxy-vol-2
107418,,star-wars-the-force-awakens
194402,,captain-america-civil-war
48140,,no-country-for-old-men
506032,,tenet
209381,,doctor-strange-2016
50713,,the-empire-strikes-back
169907,,nightcrawler
43302,,up
39304,,avatar
51383,,goodfellas
422682,,marriage-story-2019
379687,,a-quiet-place-2018
277,,drive-2011
310199,,dunkirk-2017
113284,,inside-out-2015
36778,,the-avengers-2012
220575,,deadpool
362977,,spider-man-far-from-home
312205,,moonlight-2016
2706,,star-wars
51778,,the-shawshank-redemption
51930,,the-lord-of-the-rings-the-fellowship-of-the-ring
62780,,mad-max-fury-road
404266,,uncut-gems
460155,,1917
385511,,doctor-strange-in-the-multiverse-of-madness
333029,,call-me-by-your-name
51947,,taxi-driver
572255,,dont-look-up-2021
257426,,arrival-2016
37833,,scott-pilgrim-vs-the-world
209382,,thor-ragnarok
45409,,shutter-island
242710,,spider-man-homecoming
390520,,us-2019
265439,,blade-runner-2049
93676,,guardians-of-the-galaxy
2694,,kill-bill-vol-1
51818,,the-godfather
424348,,hereditary
259441,,little-women-2019
51518,,the-matrix
2704,,forrest-gump
51345,,se7en
52516,,django-unchained
444600,,jojo-rabbit
27256,,the-truman-show
226661,,avengers-infinity-war
51921,,spirited-away
41352,,inglourious-basterds
226660,,avengers-endgame
209383,,black-panther
268950,,baby-driver
682547,,nope
26711,,the-social-network
114564,,her
149857,,gone-girl
86114,,the-wolf-of-wall-street
51097,,american-psycho
397859,,once-upon-a-time-in-hollywood
371378,,dune-2021
326279,,lady-bird
95113,,the-grand-budapest-hotel
171384,,whiplash-2014
117621,,interstellar
51896,,the-dark-knight
560787,,spider-man-no-way-home
34722,,inception
353117,,get-out-2017
459564,,midsommar
51444,,pulp-fiction
51568,,fight-club
406775,,joker-2019
88488,,snowpiercer
438727,,turning-red
734096,,tar-2022
293465,,top-gun-maverick
542032,,elvis-2022
323609,,i-tonya
240344,,la-la-land
251943,,spider-man-into-the-spider-verse
484263,,guillermo-del-toros-pinocchio
721288,,the-fabelmans
348914,,the-batman
426406,,parasite-2019
475370,,knives-out-2019
598882,,the-banshees-of-inisherin
474474,,everything-everywhere-all-at-once
586723,,glass-onion
465649,,m3gan
242285,,puss-in-boots-the-last-wish
521323,,the-menu-2022
742438,,diane-warren-relentless
1295206,,the-alabama-solution
1357402,,the-voice-of-hind-rajab
606298,,little-amelie-or-the-character-of-rain
444424,,the-hunt-2020
1084117,,send-help
1284157,,the-perfect-neighbour
977342,,zootopia-2
1400340,,all-the-empty-rooms
51068,,y-tu-mama-tambien
1233944,,two-people-exchanging-saliva
1029188,,the-girl-who-cried-pearls
1116562,,butterfly-2024-1
1184586,,the-three-sisters-2024
1354800,,forevergreen
544936,,the-harder-they-fall-2021
1162331,,perfectly-a-strangeness
1197299,,retirement-plan
23802,,the-fabulous-baron-munchausen
8871,,haxan
49596,,red-beard
48153,,somethings-gotta-give
49257,,lady-vengeance
49595,,ikiru
856036,,saw-x
50866,,godzilla
41055,,grey-gardens
49184,,sympathy-for-mr-vengeance
1027525,,is-this-thing-on-2025
1242097,,the-mastermind-2025
1104348,,the-secret-agent-2025
218051,,now-you-see-me-2
730803,,crash-landing-on-you
43015,,harakiri
51716,,seven-samurai
50187,,uncle-buck
36404,,prancer
48638,,national-lampoons-christmas-vacation
46317,,k-9
47241,,honey-i-shrunk-the-kids
7843,,pride-and-prejudice-and-zombies
1262567,,predator-killer-of-killers
51655,,aliens-vs-predator-requiem
277351,,the-predator
51882,,predator-2
28888,,predators
931480,,die-my-love
986257,,y2k-2024
44952,,invasion-of-the-body-snatchers-1978
915928,,the-front-room
51161,,the-hidden-fortress
45727,,creature-from-the-black-lagoon
464735,,the-dead-dont-die-2019
51827,,bride-of-frankenstein
855649,,look-into-my-eyes
766759,,problemista
1113868,,springsteen-deliver-me-from-nowhere
842907,,shelby-oaks
49930,,frankenstein-1931
51822,,the-cabinet-of-dr-caligari-1920
51913,,dracula
45098,,cronos
50846,,misery
2698,,metropolis
40422,,hour-of-the-wolf
51829,,the-outsiders
48454,,bram-stokers-dracula
47171,,the-fly-1986
50499,,the-perfect-storm
45532,,the-muppet-movie
44920,,robin-hood
45983,,peter-pan
46414,,cries-and-whispers
43989,,let-the-right-one-in
73367,,inside-llewyn-davis
125830,,inherent-vice
32847,,winter-light
44320,,autumn-sonata
29108,,the-human-condition-iii-a-soldiers-prayer
51362,,the-fog
44542,,high-and-low
29110,,the-human-condition-ii-road-to-eternity
502622,,final-destination-bloodlines
51422,,a-hard-days-night
1115597,,until-dawn-2025
39351,,the-final-destination
38374,,possession
1125397,,together-2025
31363,,the-human-condition-i-no-greater-love
1127005,,cloud-2024
51238,,the-great-dictator
51509,,wild-strawberries
45908,,infernal-affairs
270476,,popstar-never-stop-never-stopping
980116,,how-to-train-your-dragon-2025
1277477,,miley-cyrus-something-beautiful
49810,,battle-royale
46108,,where-the-heart-is-2000
1037627,,bring-her-back
47628,,the-vanishing
46937,,glory
49889,,modern-times
34618,,pulse-2001
47751,,day-of-the-dead
182142,,carol-2015
51230,,dawn-of-the-dead
51669,,vertigo
1161806,,the-seed-of-the-sacred-fig
1042277,,evil-does-not-exist
1116321,,the-girl-with-the-needle
1068413,,the-apprentice-2024
1095718,,september-5
1168752,,instruments-of-a-beating-heart
1232156,,anuja
1115874,,no-other-land
1065133,,im-not-a-robot-2023
51620,,the-seventh-seal
51202,,the-general
51177,,sherlock-jr
50822,,inland-empire
471207,,the-french-dispatch-of-the-liberty-kansas
1041957,,sing-sing-2023
384058,,beautiful-boy-2018
931976,,premonitions-following-an-evil-deed
16714,,the-amputee-1974
16774,,six-men-getting-sick
989125,,babygirl-2024
51355,,persona
1059457,,the-rat-catcher-2023
51251,,city-lights
834561,,wallace-gromit-vengeance-most-fowl
46549,,the-kid
1010683,,saturday-night-2024
51373,,vampyr
216086,,the-handmaiden
992360,,smile-2-2024
43176,,great-expectations
50368,,big
51396,,fantasia
1099925,,oddity-2024
979783,,the-watchers-2024
51739,,insomnia-2002
44900,,suspiria
51338,,an-american-werewolf-in-london
922858,,maxxxine
818798,,red-rooms
315673,,creepy
60299,,lawrence-of-arabia
438692,,the-boy-and-the-heron
36192,,come-and-see
51674,,the-life-aquatic-with-steve-zissou
49601,,onibaba
52512,,the-master-2012
45203,,rushmore
43680,,bottle-rocket-1996
50113,,the-abyss
1001285,,abigail-2024
1110059,,longlegs
45042,,sanjuro
51320,,m
49597,,throne-of-blood
44925,,yojimbo
51698,,a-fistful-of-dollars
45108,,ran
51728,,magnolia
370178,,the-first-omen
494166,,the-vast-of-night
112570,,a-time-for-burning
109791,,black-panthers
45288,,manhunter
47887,,alien-resurrection
41838,,carnival-of-souls
51372,,the-passion-of-joan-of-arc
42884,,ugetsu
31595,,kwaidan
717669,,all-dirt-roads-taste-of-salt
31194,,eyes-without-a-face
51570,,rashomon
51630,,pi
739691,,dream-scenario
696032,,the-sadness-2021
840861,,medusa-deluxe
1139529,,steve-2024
51184,,eraserhead
43582,,fast-furious
38625,,ocean-waves
923207,,this-place-rules
530397,,stars-at-noon
223418,,last-shift
502183,,occupied-city
37004,,stop-making-sense
170062,,when-marnie-was-there
112956,,the-tale-of-the-princess-kaguya
607371,,earwig-and-the-witch
112957,,the-wind-rises
69813,,from-up-on-poppy-hill
26587,,tales-from-earthsea
42428,,the-cat-returns
41751,,my-neighbors-the-yamadas
51922,,princess-mononoke
119222,,life-is-ruff
19291,,the-luck-of-the-irish
57596,,motocrossed
82657,,quints
35451,,now-you-see-it
30565,,my-date-with-the-presidents-daughter
87085,,double-teamed
49225,,raising-helen
91838,,stuck-in-the-suburbs
21202,,soul-surfer
42656,,clockstoppers
42336,,snow-day
47307,,road-trip
5016,,wendy-wu-homecoming-warrior
143875,,love-rosie
41238,,agent-cody-banks-2-destination-london
47326,,blue-crush
35513,,get-a-clue
46032,,loser
13816,,seventeen-again
42216,,the-perfect-man-2005
45985,,crazy-beautiful
46345,,shes-all-that
43099,,drive-me-crazy
43389,,nancy-drew
43402,,raise-your-voice
39382,,i-love-you-beth-cooper
40680,,fired-up
45716,,the-new-guy
28949,,zenon-girl-of-the-21st-century
70355,,the-thirteenth-year
43565,,superstar
28675,,smart-house
48259,,idle-hands
26713,,whisper-of-the-heart
47570,,the-blob
42478,,pom-poko
45130,,porco-rosso
42613,,only-yesterday
46157,,castle-in-the-sky
51969,,nausicaa-of-the-valley-of-the-wind
45944,,escape-from-alcatraz
51700,,12-angry-men
845043,,dicks-the-musical
708596,,the-eternal-daughter
708458,,showing-up-2022
641162,,sharper
28195,,cure
566202,,the-sky-is-everywhere
519052,,the-tragedy-of-macbeth
615424,,when-you-finish-saving-the-world
801074,,you-hurt-my-feelings-2023
511000,,funny-pages
468564,,zola
462573,,waves-2019
68956,,sinister
774532,,stephen-curry-underrated
503632,,on-the-rocks-2020
879229,,perfect-days-2023
914639,,to-kill-a-tiger
813840,,society-of-the-snow
964035,,four-daughters-2023
899037,,the-teachers-lounge-2023
808726,,rustin-2023
487538,,the-color-purple-2023
683620,,red-rocket-2021
579216,,boys-state
1109037,,open-wide-2024
666269,,white-noise-2022
715856,,beau-is-afraid
892991,,el-conde
954483,,20-days-in-mariupol
744429,,gods-creatures
513206,,after-yang
1113198,,my-mercury
866259,,jerry-lee-lewis-trouble-in-mind
516192,,the-humans
558806,,cmon-cmon
487135,,first-cow
997481,,im-hip
1007592,,wild-summon
1098156,,war-is-over-inspired-by-the-music-of-john-yoko
937951,,ninety-five-senses
855073,,pachyderm
855064,,letter-to-a-pig
1027821,,our-uniform
977828,,invincible-2022
1072347,,the-abcs-of-book-banning
1058626,,the-last-repair-shop
978599,,nai-nai-wai-po
1072381,,the-barber-of-little-rock
1087783,,island-in-between
865112,,nimona-2023
829364,,the-wonderful-story-of-henry-sugar
874493,,knight-of-fortune
1056488,,the-after-2023-1
1080205,,red-white-and-blue-2023
806042,,nyad
954498,,the-deepest-breath
406106,,in-fabric
749612,,val
38354,,air-bud-seventh-inning-fetch
36509,,air-bud-spikes-back
38813,,air-bud-world-pup
38266,,air-bud-golden-receiver
36741,,beethovens-4th
36743,,beethovens-3rd
43164,,almost-heroes
40815,,dudley-do-right
43026,,black-beauty-1994
21872,,tower-of-terror
37089,,johnny-tsunami
44683,,white-fang-1991
51571,,the-horse-whisperer
46230,,beethovens-2nd
46285,,an-american-tail-fievel-goes-west
46226,,so-i-married-an-axe-murderer
47878,,this-boys-life
46808,,waterworld
12011,,passport-to-paris
29609,,it-takes-two
45678,,new-york-minute
26421,,beastly
28977,,our-lips-are-sealed
9883,,billboard-dad
25442,,when-in-rome
28055,,switching-goals
97429,,pixel-perfect
40699,,my-dog-skip
46816,,turistas
44995,,white-noise
40413,,the-country-bears
49208,,read-it-and-weep
40724,,because-of-winn-dixie
43970,,bad-news-bears
45538,,we-are-marshall
37022,,the-little-vampire
35408,,taking-woodstock
43286,,beauty-shop
48612,,i-know-who-killed-me
45807,,saving-silverman
6531,,shutter-2008
42772,,chasing-liberty
45113,,guess-who
48320,,racing-stripes
44918,,snow-dogs
47433,,dark-water-2005
50635,,the-grudge-2
50590,,hidalgo
47407,,eight-below
48087,,futurama-benders-big-score
48069,,duplex
48173,,one-missed-call-2008
46818,,employee-of-the-month-2006
48274,,the-dukes-of-hazzard
44727,,the-love-guru
46614,,honey
46612,,good-luck-chuck
46735,,the-producers-2005
45744,,i-am-sam
43700,,annabelles-wish
43938,,olive-the-other-reindeer
42628,,futurama-into-the-wild-green-yonder
43177,,the-wild-thornberrys-movie
44027,,futurama-benders-game
46689,,the-fox-and-the-hound-2
38997,,digimon-the-movie
44242,,futurama-the-beast-with-a-billion-backs
44050,,bambi-ii
43708,,101-dalmatians-ii-patchs-london-adventure
40463,,lady-and-the-tramp-ii-scamps-adventure
39344,,the-brave-little-toaster
43919,,santa-claus-is-comin-to-town
591069,,the-witcher-nightmare-of-the-wolf
43479,,for-the-birds
333341,,piper
45414,,the-rescuers
43936,,rudolph-the-red-nosed-reindeer
16093,,the-croods
354541,,chip-n-dale-rescue-rangers
51115,,meet-the-robinsons
264336,,sing-2016
598274,,mean-girls-2024
48163,,turner-hooch
46629,,peggy-sue-got-married
45250,,all-dogs-go-to-heaven
42707,,sid-and-nancy
46499,,the-last-unicorn
44678,,oliver-company
49263,,monty-pythons-the-meaning-of-life
44758,,the-land-before-time
47514,,pet-sematary
45226,,pretty-in-pink
49981,,ghostbusters-ii
50193,,planes-trains-and-automobiles
42565,,sixteen-candles
51512,,poltergeist
45374,,dumbo
49816,,bambi
45797,,pinocchio
40872,,national-velvet
46321,,lady-and-the-tramp
45803,,sleeping-beauty
30463,,gay-purr-ee
47269,,the-jungle-book
44681,,one-hundred-and-one-dalmatians
22663,,young-black-stallion
41097,,the-black-stallion
47325,,and-now-for-something-completely-different
45669,,the-great-gatsby
48303,,the-jerk
46537,,the-aristocats
51537,,life-of-brian
529529,,the-little-things-2021
476490,,the-night-house
474471,,extraction-2020
433652,,army-of-the-dead-2021
805106,,werewolf-by-night
736821,,no-one-will-save-you
693890,,the-guardians-of-the-galaxy-holiday-special
850375,,a-haunting-in-venice
493441,,candyman-2021
629320,,decision-to-leave
379591,,the-little-mermaid-2023
499085,,the-invisible-man-2020
636761,,evil-dead-rise
793883,,smile-2022
45075,,vertical-limit
57152,,abraham-lincoln-vampire-hunter
97062,,the-mortal-instruments-city-of-bones
16088,,ripd
10387,,final-destination-5
117687,,oculus
15143,,just-go-with-it
5355,,super-8
57622,,we-need-to-talk-about-kevin
146780,,sharknado
28481,,the-last-song
56922,,the-vow
283725,,the-dark-tower
51863,,sin-city-a-dame-to-kill-for
438430,,gonjiam-haunted-asylum
37597,,dear-john
377530,,my-friend-dahmer
55770,,date-night
159889,,horrible-bosses-2
23596,,paranormal-activity-2
5717,,the-thing-2011
61852,,we-bought-a-zoo
15777,,cowboys-aliens
52500,,warcraft
384641,,1922-2017
291112,,hell-house-llc
161004,,wild
95993,,assassins-creed
252216,,neighbors-2-sorority-rising
26376,,eat-pray-love
92621,,the-internship
205014,,insidious-chapter-3
1739,,the-woman-in-black-2012
185973,,allegiant
465921,,queen-slim
248318,,the-boy-2016
30171,,valentines-day
7699,,snow-white-and-the-huntsman
211837,,paper-towns
319409,,the-cloverfield-paradox
452596,,in-the-tall-grass-2019
371531,,overlord-2018
25416,,real-steel
37502,,remember-me
8395,,ice-age-continental-drift
23414,,no-strings-attached
443229,,always-be-my-maybe-2019
87949,,anchorman-2-the-legend-continues
125976,,frank-2014
269458,,valerian-and-the-city-of-a-thousand-planets
268383,,tomb-raider
185970,,insurgent
20293,,green-lantern
37276,,sucker-punch
330790,,annabelle-creation
351304,,scary-stories-to-tell-in-the-dark-2019
387909,,tag-2018
444617,,free-solo
431877,,a-beautiful-day-in-the-neighborhood
158174,,into-the-woods-2014
76658,,insidious-chapter-2
5649,,silent-hill-revelation-3d
46647,,the-great-mouse-detective
28919,,death-at-a-funeral-2010
26722,,sex-and-the-city-2
530071,,spiral-from-the-book-of-saw
23593,,saw-3d
225503,,jigsaw-2017
44840,,into-the-blue
356723,,the-conjuring-the-devil-made-me-do-it
839244,,scream-vi
572119,,scream-2022
278250,,ju-on-the-final-curse
182836,,ju-on-the-beginning-of-the-end
27486,,ju-on-black-ghost
35119,,ju-on-white-ghost
46936,,ju-on-the-grudge-2
317571,,sadako-vs-kayako
181310,,sadako-3d-2
107246,,sadako-3d
46934,,ring-2-1999
46497,,dumb-and-dumberer-when-harry-met-lloyd
81811,,dumb-and-dumber-to
47422,,the-santa-clause-2
17483,,the-adventures-of-milo-and-otis
45416,,my-girl-2
331539,,the-autopsy-of-jane-doe
4551,,dark-shadows
11908,,star-trek-into-darkness
153285,,fifty-shades-of-grey
14015,,one-day-2011
351745,,puss-in-boots
234068,,the-invitation-2015
7712,,sherlock-holmes-a-game-of-shadows
366722,,the-ritual-2017
107197,,kung-fu-panda-3
19122,,rio-2011
16082,,in-time
178282,,pitch-perfect-2
180087,,as-above-so-below-2014
203083,,the-jungle-book-2016
14093,,the-secret-world-of-arrietty
371842,,the-nun-2018
123067,,how-to-train-your-dragon-the-hidden-world
62912,,hotel-transylvania
498044,,black-mirror-bandersnatch
87962,,evil-dead
144110,,crimson-peak
198992,,passengers-2016
8933,,project-x-2012
444799,,yesterday-2019
272503,,20th-century-women
16164,,kung-fu-panda-2
15077,,the-twilight-saga-breaking-dawn-part-1
467061,,the-ballad-of-buster-scruggs
307239,,hunt-for-the-wilderpeople
15076,,the-twilight-saga-breaking-dawn-part-2
16560,,cars-2
157543,,the-fault-in-our-stars
37088,,the-twilight-saga-eclipse
354539,,the-lion-king-2019
223393,,me-before-you
69142,,how-to-train-your-dragon-2
326477,,murder-on-the-orient-express-2017
379626,,pokemon-detective-pikachu
23586,,scream-4
248708,,beauty-and-the-beast-2017
16556,,insidious
422035,,burning-2018
397942,,to-all-the-boys-ive-loved-before
20307,,rango
8983,,the-hobbit-the-desolation-of-smaug
258127,,frozen-2
322110,,okja
39067,,despicable-me
26476,,megamind
44748,,alice-in-wonderland-2010
4553,,monsters-university
387238,,crazy-rich-asians
358271,,sorry-to-bother-you
193554,,it-follows
201909,,moana-2016
44092,,secondhand-lions
27438,,life-size
45615,,the-animal
45920,,without-a-paddle
50774,,you-me-and-dupree
48942,,sky-captain-and-the-world-of-tomorrow
41638,,rugrats-in-paris-the-movie
51967,,open-water
51158,,whale-rider
29091,,halloweentown-high
45770,,agent-cody-banks
26886,,the-cheetah-girls-2
43412,,cadet-kelly
45498,,bring-it-on-all-or-nothing
45304,,fever-pitch-2005
41192,,crossroads-2002
46463,,the-sisterhood-of-the-traveling-pants-2
43613,,tuck-everlasting
47974,,10000-bc
45738,,joe-dirt
46188,,102-dalmatians
46921,,bubble-boy
47651,,fools-gold-2008
46534,,stick-it
45609,,hide-and-seek
43226,,the-uninvited-2009
44587,,underworld-rise-of-the-lycans
44977,,wimbledon
50342,,inkheart
47555,,eight-legged-freaks
46490,,the-rundown
45510,,wild-hogs
43941,,eight-crazy-nights
47253,,the-core
46591,,when-a-stranger-calls-2006
43576,,quarantine
46659,,kicking-screaming
45114,,are-we-there-yet
50875,,march-of-the-penguins
46046,,kangaroo-jack
44915,,kung-pow-enter-the-fist
30497,,the-cheetah-girls
29271,,halloweentown-ii-kalabars-revenge
46928,,the-black-dahlia
48485,,shanghai-knights
50642,,alexander
50886,,the-legend-of-zorro
47294,,ali-g-indahouse
37671,,the-fourth-kind
42533,,hotel-for-dogs
43943,,ice-princess
45922,,sydney-white
49372,,monster-in-law
51318,,underworld-evolution
46339,,the-ring-two
46741,,sleepover
47260,,the-scorpion-king
46680,,the-benchwarmers
44298,,the-duchess
47542,,gomorrah
46721,,the-skeleton-key
45070,,land-of-the-dead
42212,,an-extremely-goofy-movie
38375,,twitches
47001,,big-mommas-house
49030,,gothika
44933,,big-fat-liar
45555,,the-ruins
46581,,the-amityville-horror-2005
47815,,four-brothers
50211,,spanglish
43903,,kronks-new-groove
43443,,first-daughter
44431,,osmosis-jones
45759,,under-the-tuscan-sun
46896,,the-wicker-man-2006
50853,,hostel-part-ii
49333,,the-brothers-grimm
50229,,eragon
45794,,the-little-mermaid-ii-return-to-the-sea
47278,,flightplan
50616,,lara-croft-tomb-raider-the-cradle-of-life
47986,,fun-with-dick-and-jane-1996
47985,,waiting
45706,,stuart-little-2
48186,,failure-to-launch
46884,,bewitched-2005
46618,,my-sisters-keeper-2009
44669,,mulan-ii
45709,,cats-dogs
47679,,shanghai-noon
51759,,the-science-of-sleep
46956,,ghost-ship
46907,,lady-in-the-water
50341,,beowulf-2007
46738,,rat-race
41205,,shutter
50442,,death-at-a-funeral
40891,,year-one
43667,,home-on-the-range
46960,,cheaper-by-the-dozen-2
46011,,rec-2
43614,,the-santa-clause-3-the-escape-clause
50905,,bedazzled-2000
36785,,the-time-travelers-wife
37640,,its-complicated
50165,,what-lies-beneath
46743,,the-stepford-wives-2004
46655,,charlottes-web-2006
48055,,maid-in-manhattan
46940,,the-triplets-of-belleville
44721,,the-other-boleyn-girl
26796,,splice
46823,,accepted
45201,,cabin-fever
50591,,mr-deeds
49045,,be-kind-rewind
42353,,the-girl-with-the-dragon-tattoo
49641,,the-number-23
47833,,american-wedding
45970,,daddy-day-care
46926,,little-nicky
45305,,the-lion-king-3-hakuna-matata
50595,,the-wedding-planner
45943,,what-a-girl-wants
50572,,the-lake-house
47218,,thir13en-ghosts
39676,,josie-and-the-pussycats
50817,,the-mummy-tomb-of-the-dragon-emperor
51736,,snakes-on-a-plane
43685,,the-game-plan
47979,,resident-evil-extinction
46609,,just-friends
44963,,ju-on-the-grudge
46732,,wrong-turn
48494,,ps-i-love-you
45219,,sweet-home-alabama
45291,,herbie-fully-loaded
51745,,catwoman
43691,,christmas-with-the-kranks
47223,,super-size-me
46502,,bad-santa
47400,,the-family-stone
44804,,the-pink-panther
50850,,the-devils-rejects
48533,,along-came-polly
42425,,role-models
49433,,scary-movie-4
46744,,shallow-hal
45926,,the-haunted-mansion
47758,,definitely-maybe
44950,,the-hot-chick
49287,,30-days-of-night
47562,,dude-wheres-my-car
50505,,me-myself-irene
50906,,the-island-2005
47094,,anger-management
45462,,seed-of-chucky
46848,,step-up
50948,,secret-window
47127,,charlies-angels-full-throttle
46105,,dinosaur
49655,,changeling
50374,,the-golden-compass
46620,,the-pacifier
49243,,sex-and-the-city
47435,,just-like-heaven
51779,,underworld-2003
45448,,nanny-mcphee
50458,,tenacious-d-in-the-pick-of-destiny
40130,,the-lizzie-mcguire-movie
44806,,jackass-number-two
46832,,serendipity
46334,,legally-blonde-2-red-white-blonde
47301,,the-longest-yard-2005
46820,,the-hills-have-eyes-2006
44723,,nick-and-norahs-infinite-playlist
50638,,the-grudge
50465,,wet-hot-american-summer
51008,,the-illusionist
46831,,the-sisterhood-of-the-traveling-pants
45574,,confessions-of-a-teenage-drama-queen
50701,,memoirs-of-a-geisha
51811,,about-a-boy
47842,,jumper
47110,,spy-kids-2-the-island-of-lost-dreams
27252,,the-human-centipede-first-sequence
48253,,walk-hard-the-dewey-cox-story
45449,,harold-kumar-go-to-white-castle
47835,,disturbia
44637,,spy-kids-3-d-game-over
51609,,grizzly-man
45695,,cheaper-by-the-dozen-2003
46013,,you-dont-mess-with-the-zohan
43601,,best-in-show
51695,,avp-alien-vs-predator
47299,,john-tucker-must-die
49185,,across-the-universe
44667,,9
43280,,aquamarine
46081,,the-girl-next-door-2004
50543,,halloween
48220,,national-treasure-book-of-secrets
51763,,terminator-3-rise-of-the-machines
47668,,the-happening
40567,,hannah-montana-the-movie
43272,,the-adventures-of-sharkboy-and-lavagirl
47430,,jackass-the-movie
45459,,hellboy-ii-the-golden-army
50698,,the-beach
44421,,the-house-bunny
45337,,not-another-teen-movie
47420,,spirit-stallion-of-the-cimarron
50678,,hulk
46782,,the-phantom-of-the-opera-2004
51606,,monster
47506,,jeepers-creepers
51120,,stranger-than-fiction-2006
51646,,bend-it-like-beckham
50854,,hostel
49944,,1408
43184,,marley-me
36501,,julie-julia
38804,,the-road
37687,,saw-vi
50955,,apocalypto
43088,,ella-enchanted
46467,,hes-just-not-that-into-you
47237,,final-destination-2
48189,,zathura-a-space-adventure
50162,,house-of-1000-corpses
49442,,scary-movie-2
46151,,bride-wars
47790,,my-big-fat-greek-wedding
45283,,sky-high-2005
46887,,talladega-nights-the-ballad-of-ricky-bobby
44889,,saw-v
51229,,dawn-of-the-dead-2004
41477,,adventureland
46168,,the-road-to-el-dorado
47306,,final-destination-3
51532,,silent-hill
46580,,house-of-wax-2005
50946,,bring-it-on
45464,,a-cinderella-story
47078,,wedding-crashers
51461,,saw-iv
45282,,red-eye
48255,,27-dresses
51584,,wallace-gromit-the-curse-of-the-were-rabbit
46010,,the-strangers
41519,,where-the-wild-things-are
51980,,walk-the-line
47806,,holes
47781,,ice-age-dawn-of-the-dinosaurs
40411,,night-at-the-museum-battle-of-the-smithsonian
45132,,flushed-away
44740,,the-wrestler
41276,,17-again
46450,,yes-man
45576,,the-princess-diaries-2-royal-engagement
47994,,over-the-hedge
45820,,atlantis-the-lost-empire
43301,,2012
51842,,saw-iii
60297,,ice-age-the-meltdown
46145,,madagascar-escape-2-africa
46633,,brother-bear
50986,,ghost-world
43860,,star-trek
46658,,chicken-little-2005
51557,,constantine
46706,,robots
47942,,the-lovely-bones
48234,,lars-and-the-real-girl
43713,,high-school-musical-2
51530,,the-da-vinci-code
49259,,panic-room
47803,,rec
44189,,bolt
51117,,bridge-to-terabithia
46117,,shark-tale
51553,,the-ring-2002
51841,,saw-ii
48033,,chicken-run
47295,,monster-house
38544,,orphan
51111,,300
43517,,sweeney-todd-the-demon-barber-of-fleet-street-2007
48791,,bee-movie
37696,,cloudy-with-a-chance-of-meatballs
42983,,the-boy-in-the-striped-pyjamas
50773,,50-first-dates
46144,,sherlock-holmes-2009
51917,,o-brother-where-art-thou
49453,,scream-3
46453,,the-princess-and-the-frog
40480,,the-twilight-saga-new-moon
50953,,the-holiday
49268,,the-darjeeling-limited
50717,,marie-antoinette-2006
50950,,school-of-rock
49568,,corpse-bride
39305,,jennifers-body
46979,,beverly-hills-ninja
46441,,a-midsummer-nights-dream-1999
43620,,pocahontas-ii-journey-to-a-new-world
375612,,reservoir-dogs-1991
38818,,air-bud
46795,,marvins-room
22216,,cinderella-1997
46992,,of-mice-and-men-1992
45357,,house-on-haunted-hill-1999
43086,,the-rugrats-movie
44441,,pokemon-the-movie-2000
47168,,a-night-at-the-roxbury
48452,,spice-world
45133,,the-haunting-1999
46982,,dantes-peak
42468,,newsies
47329,,now-and-then
48185,,homeward-bound-the-incredible-journey
46789,,lake-placid
41874,,selena
46989,,coneheads
45691,,rihie-rih
38641,,balto
51730,,inspector-gadget
47150,,babe-pig-in-the-city
47551,,waynes-world-2
44994,,beethoven
50907,,free-willy
49636,,i-still-know-what-you-did-last-summer
51264,,the-flintstones
47280,,the-man-in-the-iron-mask-1998
47267,,the-nutty-professor-1996
47143,,ever-after-1998
45795,,the-little-rascals
49921,,doctor-dolittle-1998
45353,,tommy-boy
42794,,good-burger
46423,,pokemon-the-first-movie
46239,,hackers
45197,,small-soldiers
45522,,childs-play-3
46071,,george-of-the-jungle
51586,,the-wrong-trousers
47933,,robin-hood-men-in-tights
47513,,deep-blue-sea
47235,,anaconda
43868,,october-sky
51224,,godzilla-1998
46990,,romy-and-micheles-high-school-reunion
34146,,halloweentown
45078,,halloween-h20-20-years-later
40022,,jawbreaker
45523,,childs-play-2
45379,,never-been-kissed
46875,,the-lion-king-ii-simbas-pride
47511,,antz
44875,,bride-of-chucky
50557,,while-you-were-sleeping
51460,,twister
45444,,a-league-of-their-own
50164,,pleasantville
46133,,james-and-the-giant-peach
43018,,gia
45699,,the-wedding-singer
42101,,a-goofy-movie
49524,,my-girl
47014,,little-women-1994
47582,,casper
47411,,big-daddy
50156,,it-1990
50155,,ring-1998
45339,,the-santa-clause
51573,,theres-something-about-mary
47747,,event-horizon
50111,,addams-family-values
48322,,practical-magic
51975,,mars-attacks
49638,,i-know-what-you-did-last-summer
51294,,sleepless-in-seattle
47153,,anastasia-1997
47888,,alien-3
46231,,the-muppet-christmas-carol
51273,,hook
46127,,the-hunchback-of-notre-dame-1996
47109,,youve-got-mail
46142,,pocahontas
50158,,sleepy-hollow
51496,,interview-with-the-vampire
51856,,back-to-the-future-part-iii
51647,,romeo-juliet-1996
49454,,scream-2
49671,,girl-interrupted
114605,,dallas-buyers-club
56522,,lincoln
69149,,les-miserables-2012
21050,,127-hours
37609,,up-in-the-air
46510,,milk-2008
49075,,the-curious-case-of-benjamin-button
49391,,atonement
49784,,good-night-and-good-luck
51692,,capote
51909,,brokeback-mountain
50207,,the-aviator
49318,,seabiscuit
47003,,babe
51805,,ghost
48514,,romeo-and-juliet-1968
51245,,doctor-zhivago
333448,,isle-of-dogs-2018
41360,,kikis-delivery-service
882786,,earth-mama
807297,,elizabeth-a-portrait-in-parts
419873,,the-kill-team-2019
423479,,low-tide-2019
439878,,share-2019
471392,,skin-2019-3
441860,,native-son-2019
366346,,outlaws-2017
470549,,the-elephant-queen
399523,,the-children-act
380998,,a-prayer-before-dawn
330717,,woman-walks-ahead
271436,,how-to-talk-to-girls-at-parties
407931,,backstabbing-for-beginners
383334,,the-last-movie-star
283264,,the-vanishing-of-sidney-hall
371125,,the-ballad-of-lefty-brown
307298,,the-disaster-artist
361915,,menashe
269474,,the-exception
180398,,trespass-against-us
346950,,supersonic
283039,,morris-from-america
285853,,de-palma
229584,,remember-2015
259395,,amy-2015
173665,,barely-lethal
201037,,cut-bank
211964,,revenge-of-the-green-dragons
171366,,the-captive-2014
95990,,ginger-rosa
97637,,a-glimpse-inside-the-mind-of-charles-swan-iii
370451,,mid90s
330810,,under-the-silver-lake
198626,,the-adderall-diaries
132365,,dark-places-2015
519091,,false-positive
228946,,equals
217616,,the-sea-of-trees
263219,,into-the-forest
236119,,mississippi-grind
172361,,tusk-2014
96109,,spring-breakers
415209,,the-hole-in-the-ground-2019
149802,,locke
278198,,hot-summer-nights
221837,,son-of-a-gun
117868,,the-rover
493722,,the-death-of-dick-long
171224,,life-after-beth-2014
171006,,laggies
707114,,lamb-2021
420473,,never-goin-back
263217,,the-blackcoats-daughter
351914,,it-comes-at-night
166717,,mojave-2015
117581,,the-spectacular-now
699298,,men-2022
157807,,slow-west
79893,,the-bling-ring
269597,,the-monster-2016
263204,,free-fire
331187,,woodshock-2017
753296,,the-inspection
174410,,the-end-of-the-tour
277413,,swiss-army-man
422181,,gloria-bell
169106,,a-most-violent-year
277752,,slice-2018
176368,,while-were-young
251042,,krisha-2015
359565,,the-lovers-2017
132034,,enemy
503890,,saint-maud
333310,,the-killing-of-a-sacred-deer
342220,,lean-on-pete
173771,,obvious-child
361725,,a-ghost-story-2017
390610,,first-reformed
451512,,the-last-black-man-in-san-francisco
269896,,american-honey
438272,,onward-2020
485212,,emma-2020
508990,,news-of-the-world
510047,,promising-young-woman
485519,,the-trial-of-the-chicago-7
541425,,mank
696630,,belfast
266676,,cruella
479814,,free-guy
457180,,raya-and-the-last-dragon
496592,,encanto
638640,,night-ride-2020
868135,,stranger-at-the-gate
848522,,an-ostrich-told-me-the-world-is-fake-and-i-think-i-believe-it
868565,,ice-merchants
873799,,my-year-of-dicks
896378,,the-boy-the-mole-the-fox-and-the-horse
930946,,the-red-suitcase-2022
877249,,le-pupille
939839,,ivalu
800760,,an-irish-goodbye
820501,,the-martha-mitchell-effect
761036,,how-do-you-measure-a-year
832419,,haulout
938865,,the-elephant-whisperers
832240,,navalny
820065,,a-house-made-of-splinters
819863,,fire-of-love-2022
905001,,all-the-beauty-and-the-bloodshed
820098,,all-that-breathes
738427,,tell-it-like-a-woman
488592,,the-sea-beast-2022
675372,,mrs-harris-goes-to-paris
523109,,causeway
822333,,the-quiet-girl
703943,,eo
609761,,bardo-false-chronicle-of-a-handful-of-truths
739399,,to-leslie
731286,,empire-of-light
228594,,blonde-2022
637929,,argentina-1985
435460,,black-panther-wakanda-forever
51656,,la-dolce-vita
51887,,breakfast-at-tiffanys
96557,,about-time
51962,,dirty-dancing
310705,,the-favourite
49931,,young-frankenstein
51689,,garden-state
1086,,the-girl-with-the-dragon-tattoo-2011
50718,,the-karate-kid
42706,,uptown-girls
51157,,point-break
680635,,living-2022
44594,,ponyo
6166,,ghostbusters
42800,,fiddler-on-the-roof
812015,,close-2022
32347,,mother-2009
70105,,moonrise-kingdom
51602,,love-actually
328538,,the-florida-project
74348,,life-of-pi
43940,,how-the-grinch-stole-christmas
44808,,alice-in-wonderland-1951
46998,,clueless
51662,,mary-poppins
51302,,a-christmas-story-1983
47169,,the-royal-tenenbaums
45485,,cinderella
51533,,big-fish
493697,,the-farewell-2019
105188,,the-lego-movie
50017,,the-addams-family
51905,,crouching-tiger-hidden-dragon
51682,,snow-white-and-the-seven-dwarfs
432004,,sound-of-metal
51889,,edward-scissorhands
51527,,the-terminal
50947,,whats-eating-gilbert-grape
47119,,the-nightmare-before-christmas
50904,,speed
47254,,the-goonies
50991,,office-space
44965,,the-spongebob-squarepants-movie
6945,,midnight-in-paris
42531,,clue
48023,,the-hitchhikers-guide-to-the-galaxy-2005
22878,,never-let-me-go-2010
51370,,gattaca
51227,,galaxy-quest
312203,,high-life-2018
47270,,ghost-in-the-shell
51520,,et-the-extra-terrestrial
41012,,moon
16529,,gravity-2013
51281,,planet-of-the-apes
51555,,starship-troopers
15620,,the-help
46280,,the-iron-giant
33853,,hachi-a-dogs-tale
48571,,into-the-wild
51821,,stand-by-me
51848,,hotel-rwanda
51935,,the-big-lebowski
187975,,room-2015
46460,,how-to-train-your-dragon
51470,,on-the-waterfront
45312,,memories-of-murder
51781,,fargo
51390,,monty-python-and-the-holy-grail
527671,,the-father-2020
51526,,to-kill-a-mockingbird
45493,,cinema-paradiso
51495,,the-usual-suspects
44558,,grave-of-the-fireflies
51672,,the-pianist
509662,,nomadland
61707,,the-artist
44613,,slumdog-millionaire
50902,,crash-2004
51979,,million-dollar-baby
50960,,chicago
51671,,schindlers-list
51539,,dances-with-wolves
51705,,rain-man
51090,,rocky
51600,,one-flew-over-the-cuckoos-nest
42580,,the-sound-of-music
50826,,west-side-story
51382,,gone-with-the-wind
47204,,the-descent
50987,,the-lost-boys
80198,,under-the-skin-2013
51226,,gremlins
51358,,the-omen
18527,,tucker-and-dale-vs-evil
241052,,green-room
51388,,the-evil-dead
222298,,bone-tomahawk
51386,,army-of-darkness
50675,,the-others
51708,,a-nightmare-on-elm-street
51549,,the-birds
51125,,the-host
436873,,climax-2018
44096,,scooby-doo-on-zombie-island
31985,,the-texas-chain-saw-massacre
46330,,night-of-the-living-dead
220556,,the-wailing
47048,,the-exorcist
51387,,evil-dead-ii
172537,,what-we-do-in-the-shadows
49390,,pride-prejudice
542773,,babylon-2022
703478,,the-whale-2022
51454,,oldboy
51898,,lost-in-translation
51972,,blade-runner
42779,,coraline
47756,,my-neighbor-totoro
853822,,pearl-2022
50518,,the-breakfast-club
39350,,500-days-of-summer
680358,,x-2022
49062,,howls-moving-castle
51379,,little-miss-sunshine
45994,,walle
51910,,donnie-darko
63058,,avatar-the-way-of-water
71338,,the-perks-of-being-a-wallflower
49047,,10-things-i-hate-about-you
46344,,fantastic-mr-fox
50558,,ratatouille
2683,,eternal-sunshine-of-the-spotless-mind
1284154,,come-see-me-in-the-good-light
757612,,the-life-of-chuck
1181463,,blue-moon-2025
1257923,,song-sung-blue-2025
932856,,people-we-meet-on-vacation
44066,,a-charlie-brown-christmas
1128116,,twinless
720953,,kpop-demon-hunters
1143390,,eternity-2025-1
1092778,,rental-family-2025
47156,,stepmom
45105,,must-love-dogs
51707,,raising-arizona
46929,,sideways
27183,,the-graduate
45924,,waitress
742625,,rosaline
51640,,erin-brockovich
972267,,it-ends-with-us
852531,,my-old-ass
562151,,dating-amber
1103896,,yuck
1042703,,wander-to-wonder
1042711,,in-the-shadow-of-the-cypress
1043418,,beautiful-men-2023
1182365,,i-am-ready-warden
1098317,,black-box-diaries
999311,,incident-2023
717471,,better-man-2024
879749,,elton-john-never-too-late
1098329,,porcelain-war
1098332,,soundtrack-to-a-coup-detat
936040,,maria-2024
1008715,,a-lien
1086233,,the-only-girl-in-the-orchestra
1044846,,sugarcane
957324,,the-six-triple-eight-2024
1066919,,kneecap
1098324,,daughters
704155,,the-outrun
806907,,blitz-2024
948851,,thelma-2024
571116,,the-kacey-musgraves-christmas-show
50766,,rent
1247323,,a-nonsense-christmas-with-sabrina-carpenter
955184,,queer-2024
1045115,,didi-2024
991786,,we-live-in-time
542001,,bros
758397,,the-idea-of-you-2024
47599,,mad-max-2
50674,,shakespeare-in-love
49131,,runaway-bride
399500,,in-the-heights
477863,,last-christmas-2019
113380,,cinderella-2015
311894,,the-edge-of-seventeen
333283,,the-beguiled-2017
51601,,notting-hill
46942,,mad-max
695488,,summer-of-soul-or-when-the-revolution-could
639559,,spencer-2021
664327,,the-flying-sailor
466291,,tick-tick-boom-2021
96083,,frances-ha
51846,,dead-poets-society
305363,,sing-street
1071926,,renaissance-a-film-by-beyonce
1046227,,taylor-swift-the-eras-tour
895290,,all-of-us-strangers
1428983,,the-incomer
1403897,,extra-geography
1451880,,the-musical-2026
50090,,pierrot-le-fou
358757,,now-you-see-me-now-you-dont-2025
1102669,,jingle-bell-heist
1082160,,black-phone-2
1015194,,anniversary-2025
1036511,,honey-dont
1149140,,after-the-hunt-2025
1308612,,snl50-the-anniversary-special
1126245,,z-o-m-b-i-e-s-4-dawn-of-the-vampires
1148858,,lurker-2025
1202134,,the-wrong-paris
1042751,,our-fault
1233685,,oh-hi
1208076,,regretting-you
980914,,the-amateur-2025
1151425,,the-roses-2025
1083331,,bad-apples-2025
1242215,,maintenance-required
1173919,,the-woman-in-cabin-10
462903,,tron-ares
1193750,,the-map-that-leads-to-you
1013867,,freakier-friday
1188858,,my-oxford-year
1011313,,the-ballad-of-wallis-island
1147371,,happy-gilmore-2
1122536,,deep-cover-2025
670962,,heads-of-state
877240,,another-simple-favor
1176918,,my-fault-london
1184651,,heart-eyes
379590,,snow-white-2025
526954,,z-o-m-b-i-e-s-2
43804,,shattered-glass
301040,,sully
1297861,,mountainhead
989651,,fountain-of-youth-2025
975764,,jane-austen-wrecked-my-life
41469,,somewhere-in-time
1017162,,a-nice-indian-boy
1037631,,nonnas
954972,,winter-spring-summer-or-fall
1162634,,the-wedding-banquet-2025
1133530,,drop-2025
229981,,the-accountant-2016
1138997,,the-life-list
1089695,,picture-this-2025
1268331,,f-marry-kill
43882,,angels-demons
51188,,the-philadelphia-story
890105,,humanist-vampire-seeking-consenting-suicidal-person
1155565,,bridget-jones-mad-about-the-boy
531122,,straight-up
897865,,youre-cordially-invited
1122351,,atropia
823967,,i-used-to-be-funny
516802,,vanilla-2019
651226,,nightbitch
752626,,la-chimera
41361,,all-that-jazz
48532,,the-umbrellas-of-cherbourg
905876,,carry-on-2024
1118310,,our-little-secret
900776,,sweethearts-2024
1271438,,james-acaster-hecklers-welcome
1173423,,hot-frosty
1118786,,the-last-showgirl
50684,,sweet-november
309555,,the-love-witch
48478,,the-witches-of-eastwick
989760,,your-monster-2024
639707,,mr-malcolms-list-2022
777979,,caddo-lake
44389,,someone-like-you
622413,,transformers-one
1098320,,will-harper
1041160,,his-three-daughters
47386,,only-you-1994
935149,,snack-shack
908689,,incoming-2024
878535,,cora-bora
50163,,batman-1966
565655,,if-2024
889178,,a-family-affair-2024-1
44942,,sabrina-1995
48231,,sabrina
758173,,daddio-2023
871041,,ghostbusters-frozen-empire
45191,,st-elmos-fire
567926,,am-i-ok
916923,,how-to-date-billy-walsh
542019,,atlas-2024
928261,,kinds-of-kindness
900506,,babes
45958,,down-with-love
910918,,the-greatest-hits
861250,,drive-away-dolls
683451,,damsel-2024
918603,,irish-wish
895007,,lisa-frankenstein
911169,,molli-and-max-in-the-future
1109730,,jack-whitehall-settle-down
1111567,,taylor-tomlinson-have-it-all
758230,,players-2024
560697,,madame-web
647760,,the-gray-man-2022
917889,,shortcomings
914055,,upgraded
736961,,after-everything-2023
792783,,love-me-2024
949011,,ponyboi-2024
1078144,,exmas-2023
819429,,the-other-zoey
708499,,fingernails
879566,,polite-society
680437,,foe-2023
817403,,fair-play-2023
710073,,dumb-money
882718,,gran-turismo
877360,,totally-killer
967012,,self-reliance
436948,,five-nights-at-freddys
965346,,thanksgiving-2023
666925,,love-in-taipei
283829,,love-at-first-sight-2023
900356,,you-are-so-not-invited-to-my-bat-mitzvah
483951,,are-you-there-god-its-me-margaret
1030258,,puppy-love-2023
542005,,teenage-mutant-ninja-turtles-mutant-mayhem
835417,,red-white-royal-blue
831196,,the-beanie-bubble
235480,,me-and-earl-and-the-dying-girl
778117,,joy-ride-2023
827380,,the-out-laws
847622,,80-for-brady
754824,,maximum-truth
592318,,transformers-rise-of-the-beasts
915235,,beautiful-disaster
717863,,whats-love-got-to-do-with-it-2022
522405,,shazam-fury-of-the-gods
320481,,fast-x
761379,,one-true-loves
780724,,ghosted-2023
985444,,john-mulaney-baby-j
946607,,rye-lane
837589,,prom-pact
564996,,murder-mystery-2
649188,,tetris
789276,,teen-wolf-the-movie
781166,,somebody-i-used-to-know
626795,,your-place-or-mine-2023
753106,,she-said-2022
718296,,ticket-to-paradise-2022
846536,,heathers-the-musical
744480,,about-fate
803787,,book-of-love-2022
841926,,christmas-with-you
779714,,your-christmas-or-mine
719611,,the-people-we-hate-at-the-wedding
839734,,love-in-the-villa
775340,,dont-make-me-go
666928,,hello-goodbye-and-everything-in-between
822180,,something-from-tiffanys
687640,,moonshot
733404,,my-best-friends-exorcism
905752,,bo-burnham-the-inside-outtakes
451559,,the-355
746599,,the-invitation-2022-1
722509,,look-both-ways-2022
698765,,the-school-for-good-and-evil
605262,,i-want-you-back
717244,,luckiest-girl-alive
760781,,fire-island-2022
737155,,persuasion-2022
748679,,falling-for-christmas
718295,,senior-year-2022
568678,,hocus-pocus-2
753678,,not-okay
620665,,the-adam-project
434913,,death-on-the-nile-2022
706064,,fresh-2022
268371,,disenchanted
833761,,weird-the-al-yankovic-story-2022
744826,,enola-holmes-2
51946,,run-lola-run
607401,,vengeance-2022
305811,,first-man
51328,,moulin-rouge-2001
20374,,hugo
485309,,hamilton-2020
483008,,the-lost-daughter-2021
51487,,life-is-beautiful
316312,,hidden-figures
51280,,singin-in-the-rain
529203,,i-care-a-lot
683194,,do-revenge
381340,,love-simon
589093,,shiva-baby-2020
50949,,its-a-wonderful-life
190077,,the-theory-of-everything-2014
50177,,heathers
243063,,the-greatest-showman
241430,,spotlight
431888,,the-mitchells-vs-the-machines
434482,,rocketman-2019
337567,,oceans-eight
546347,,dont-worry-darling
420703,,green-book
739775,,bo-burnham-inside
51552,,rear-window
585258,,the-worst-person-in-the-world
307684,,your-name
51858,,amelie
51483,,requiem-for-a-dream
1082225,,a-working-man
545985,,the-platform
37688,,law-abiding-citizen
45680,,thirteen
589365,,eileen-2023
679072,,mothers-instinct-2024
1105895,,number-24
46424,,playtime
47434,,the-insider
45366,,blood-simple
46193,,hustle-flow
51750,,the-celebration
84051,,the-hunt-2012
381754,,den-of-thieves
581946,,jackass-forever
49241,,michael-clayton
789010,,wolfs
51968,,miami-vice
312736,,oj-made-in-america
26589,,macgruber
621571,,extraction-2
430806,,im-thinking-of-ending-things
362365,,vice-2018
97106,,the-act-of-killing
5363,,the-kings-speech
48327,,three-kings
2703,,american-beauty
51497,,trainspotting
47096,,glengarry-glen-ross
2685,,unforgiven
50330,,field-of-dreams
51473,,mash
47146,,election
220213,,citizenfour
201340,,straight-outta-compton
52504,,silence
366068,,icarus-2017
397578,,if-beale-street-could-talk
494146,,american-factory
480099,,the-two-popes
606323,,my-octopus-teacher
509699,,da-5-bloods
662656,,borat-subsequent-moviefilm
586944,,one-night-in-miami
542465,,ma-raineys-black-bottom
912810,,hard-truths-2024
1098782,,nuremberg-2025
1045338,,father-mother-sister-brother
1252346,,anemone-2025
1169210,,late-fame
1138505,,nouvelle-vague-2025
721566,,arco
1007590,,in-your-dreams-2025
1098840,,kiss-of-the-spider-woman-2025
1155885,,ballad-of-a-small-player
1119662,,the-lost-bus
1104826,,sound-of-falling
802615,,the-history-of-sound
1174451,,the-wizard-of-the-kremlin
1198972,,pressure-2026
898260,,hedda-2025
1125031,,highest-2-lowest
994353,,mother-mary-2026
1163321,,at-the-sea
1113107,,the-wave-2025
1170433,,pillion-2025
1037777,,sirat-2025
1045651,,peter-hujars-day
1257830,,the-plague-2025
1330686,,lucky-lu
921575,,elio
1247261,,viva-verdi
1265658,,kokuho
1167657,,the-ugly-stepsister
1284165,,cutting-through-rocks
1277545,,mr-nobody-against-putin
981400,,the-room-next-door-2024
721758,,the-piano-lesson-2024
844991,,here-2024
792473,,the-end-2024
833062,,all-we-imagine-as-light
992986,,unstoppable-2024-1
1017230,,bird-2024
537336,,the-fire-inside
1010076,,horizon-an-american-saga-chapter-2
878859,,emmanuelle-2024
999589,,parthenope
1119632,,piece-by-piece-2024
1200875,,separated-2024
1037668,,in-the-summers
1124878,,moana-2
993949,,small-things-like-these
844148,,sonic-the-hedgehog-3
1433243,,butchers-stain
1347471,,a-friend-of-dorothy-2025
1155968,,jane-austens-period-drama
1320567,,the-singers-2025
1302040,,armed-only-with-a-camera-the-life-and-death
1433245,,children-no-more-were-and-are-gone
1259640,,the-devil-is-busy
